document_id,title,category,content,popularity
DOC_00013,Giới thiệu về lập trình Java web,Lập Trình Cơ Sở,Giới thiệu về lập trình Java web,0.0
DOC_00014,Giới thiệu về quản trị tài chính và khách sạn chương 1,Quản Trị Tài Chính Khách Sạn,Giới thiệu về quản trị tài chính và khách sạn chương 1,0.0
DOC_00015,Giới thiệu về quản trị tài chính và khách sạn chương 4,Quản Trị Tài Chính Khách Sạn,Giới thiệu về quản trị tài chính và khách sạn chương 4,0.0
DOC_00016,Giới thiệu về quản trị tài chính và khách sạn chương 5,Quản Trị Tài Chính Khách Sạn,Giới thiệu về quản trị tài chính và khách sạn chương 5,0.0
DOC_00017,Giới thiệu về quản trị tài chính và khách sạn chương 6,Quản Trị Tài Chính Khách Sạn,Giới thiệu về quản trị tài chính và khách sạn chương 6,0.0
DOC_00018,Giới thiệu về quản trị tài chính và khách sạn chương 7,Quản Trị Tài Chính Khách Sạn,Giới thiệu về quản trị tài chính và khách sạn chương 7,0.0
DOC_00019,Giới thiệu về cấu trúc tĩnh xác định 1,Kết Cấu & Tính Toán Động Cơ Đốt Trong,Giới thiệu về cấu trúc tĩnh xác định 1,0.0
DOC_00021,Giới thiệu về cấu trúc tĩnh xác định 3,Kết Cấu & Tính Toán Động Cơ Đốt Trong,Giới thiệu về cấu trúc tĩnh xác định 3,0.0
DOC_00022,Giới thiệu về cấu trúc tĩnh xác định 4,Kết Cấu & Tính Toán Động Cơ Đốt Trong,Giới thiệu về cấu trúc tĩnh xác định 4,0.0
DOC_00023,Giới thiệu về cấu trúc tĩnh xác định 5,Kết Cấu & Tính Toán Động Cơ Đốt Trong,Giới thiệu về cấu trúc tĩnh xác định 5,0.0
DOC_00024,Giới thiệu về cấu trúc tĩnh xác định 6,Kết Cấu & Tính Toán Động Cơ Đốt Trong,Giới thiệu về cấu trúc tĩnh xác định 6,0.0
DOC_00025,Giới thiệu về kiến thức cơ bản của hệ thống cấp nước,Thí Nghiệm Vật Liệu Xây Dựng,Giới thiệu về kiến thức cơ bản của hệ thống cấp nước,0.0
DOC_00026,Giới thiệu về hệ thống thông tin quản lý trong doanh nghiệp,Phân Tích & Thiết Kế Hệ Thống,Giới thiệu về hệ thống thông tin quản lý trong doanh nghiệp,0.0
DOC_00027,Giới thiệu về kiến thức cơ bản của hệ thống cấp nước 2,Thí Nghiệm Vật Liệu Xây Dựng,Giới thiệu về kiến thức cơ bản của hệ thống cấp nước 2,0.0
DOC_00028,Giới thiệu về kiến thức cơ bản của hệ thống cấp nước 3,Thí Nghiệm Vật Liệu Xây Dựng,Giới thiệu về kiến thức cơ bản của hệ thống cấp nước 3,0.0
DOC_00029,Giới thiệu về kiến thức cơ bản của hệ thống cấp nước 4,Thí Nghiệm Vật Liệu Xây Dựng,Giới thiệu về kiến thức cơ bản của hệ thống cấp nước 4,0.0
DOC_00030,Giới thiệu về kiến thức cơ bản của hệ thống cấp nước 5,Thí Nghiệm Vật Liệu Xây Dựng,Giới thiệu về kiến thức cơ bản của hệ thống cấp nước 5,0.0
DOC_00031,Giới thiệu về kiến thức cơ bản của hệ thống cấp nước 6,Thí Nghiệm Vật Liệu Xây Dựng,Giới thiệu về kiến thức cơ bản của hệ thống cấp nước 6,0.0
DOC_00032,Giới thiệu về kiến thức cơ bản của hệ thống cấp nước 7,Thí Nghiệm Vật Liệu Xây Dựng,Giới thiệu về kiến thức cơ bản của hệ thống cấp nước 7,0.0
DOC_00033,Giới thiệu kiến thức cơ bản về vật lý kiến trúc,Vật Lý Đại Cương CSU 1,Giới thiệu kiến thức cơ bản về vật lý kiến trúc,0.0
DOC_00034,Giới thiệu kiến thức cơ bản về động lực học,Nguyên Lý Động Cơ Đốt Trong,Giới thiệu kiến thức cơ bản về động lực học,0.0
DOC_00035,Giới thiệu kiến thức cơ bản về tế bào học,Sinh Học Tế Bào,Giới thiệu kiến thức cơ bản về tế bào học,0.0
DOC_00037,Giới thiệu kiến thức cơ bản về BigData,"Hệ Phân Tán (J2EE, .NET)",Giới thiệu kiến thức cơ bản về BigData,0.0
DOC_00038,Giới thiệu kiến thức cơ bản về Phân tích thiết kế hệ thống,Phân Tích & Thiết Kế Hệ Thống,Giới thiệu kiến thức cơ bản về Phân tích thiết kế hệ thống,0.0
DOC_00040,tài liệu ôn tập quản lý kinh doanh,Phân Tích Hoạt Động Kinh Doanh,tài liệu ôn tập quản lý kinh doanh,0.0
DOC_00064,Bai So 1,Đồ Án Cơ Sở 1,Bai So 1,0.0
DOC_00068,Lịch Sử Văn Minh Thế Giới 1_Slide 1,Lịch Sử Văn Minh Thế Giới 1,Lịch Sử Văn Minh Thế Giới 1_Slide 1,0.0
DOC_00069,NGÂN HÀNG CÂU HỎI - TỔNG QUAN HÀNH VI TỔ CHỨC,Tổng Quan Hành Vi Tổ Chức,NGÂN HÀNG CÂU HỎI - TỔNG QUAN HÀNH VI TỔ CHỨC,0.0
DOC_00071,Software Metrics - A Rigorous and Practical Approach,Software Measurements & Analysis,Software Metrics - A Rigorous and Practical Approach,0.0
DOC_00072,Tập bài giảng - Các Mô Hình Ra Quyết Định,Các Mô Hình Ra Quyết Định,Tập bài giảng - Các Mô Hình Ra Quyết Định,0.0
DOC_00073,ESSENTIALS OF MARKETING RESEARCH,Điều Nghiên Tiếp Thị,ESSENTIALS OF MARKETING RESEARCH,0.0
DOC_00074,Bài Giảng Lớp ECO 302 - Kinh Tế Trong Quản Trị,Kinh Tế Trong Quản Trị,Bài Giảng Lớp ECO 302 - Kinh Tế Trong Quản Trị,0.0
DOC_00075,CORPORATE FINANCIAL ANALYSIS with MICROSOFT EXCEL,Tin Học Ứng Dụng,CORPORATE FINANCIAL ANALYSIS with MICROSOFT EXCEL,0.0
DOC_00094,BAI TAP WORD NANG CAO_1,Nguyên Lý Kế Toán 2,BAI TAP WORD NANG CAO_1,0.0
DOC_00093,on ks tin 2.pdf,Phân Tích Báo Cáo Tài Chính,tài liệu ôn tập,0.0
DOC_00091,02. Lý thuyết về hướng đối tượng.pdf,Nguyên Lý Kế Toán 1,haha,0.0
DOC_00092,THUC HANH MS WORD CB (1).pdf,Kế Toán Tài Chính 1,tài liệu ôn tập,0.0
DOC_00102,Lịch Sử Báo Chí,Lịch Sử Báo Chí (Thế Giới & Việt Nam),Tập bài giảng,0.0
DOC_00084,Ôn tập kết thúc học phần TOÁN ỨNG DỤNG CHO CNTT 2,Toán Ứng Dụng cho Công Nghệ Thông Tin 2,Đề cương ôn tập Toán ứng dụng cho CNTT 2,0.0
DOC_00103,CMU-CS 462 - Software Meassurement and Analysis - 2020S,Software Measurements & Analysis,Lecture Slides,0.0
DOC_00090,tài liệu học tập,Kế Toán Tài Chính 2,tài liệu học tập,0.0
DOC_00097,MICROSOFT WORD NÂNG CAO,Tin Học Ứng Dụng,BÀI TẬP THỰC HÀNH,0.0
DOC_00101,Bài giảng thương mại điện tử (12/2023),Tiếp Thị Căn Bản,Bài giảng,0.0
DOC_00099,THỰC HÀNH WORD 2,Tin Học Ứng Dụng,BÀI TẬP THỰC HÀNH,0.0
DOC_00100,Đề thi thử Tin học,Tin Học Ứng Dụng,"Đề thi Word, Excel, Powerpoint",0.0
DOC_00079,Câu hỏi ngắn Vật lý đại cương,Vật Lý Đại Cương 1,Câu hỏi ngắn ôn tập môn Vật lý đại cương,0.0
DOC_00081,Ôn tập môn Kinh tế chính trị 2023-2024,Kinh Tế Chính Trị Marx - Lenin,Trắc Nghiệm và Tự luận ôn tập cuối kì,0.0
DOC_00104,annotated-Assignment1_1681397.docx.pdf,Introduction to Network & Telecommunications Technology,cơ sở dữ liệu,0.0
DOC_00086,ÔntậpLSDCSVN,Phân Tích Hoạt Động Kinh Doanh,tài liệu ÔntậpLSDCSVN,0.0
DOC_00085,Ôn tập LSDCSVN,Phân Tích Báo Cáo Tài Chính,ôn tập tài liệu,0.0
DOC_00087,Customer Satisfaction and Improvement.pdf,Kế Toán Tài Chính 2,tài liệu ôn tập,0.0
DOC_00080,Ôn tập môn Chủ nghĩa xã hội khoa học 2023-2024,Chủ Nghĩa Xã Hội Khoa Học,Trắc Nghiệm và Tự luận ôn tập học kì 1,0.0
DOC_00078,English for Information Technology 2,Anh Văn Chuyên Ngành cho Sinh Viên CMU 2,Tiếng Anh chuyên ngành cho CNTT,0.0
DOC_00096,1117_apa - viet nam,Nguyên Lý Kế Toán 2,tài liệu 1117_apa - viet nam,0.0
DOC_00082,Bài tập TOÁN ỨNG DỤNG CHO CNTT 1 – CHƯƠNG 2+3,Toán Ứng Dụng cho Công Nghệ Thông Tin 1,Bài tập ôn tập chương 2 + 3 Toán ứng dụng cho CNTT 1,0.0
DOC_00083,Ôn tập kết thúc học phần TOÁN ỨNG DỤNG CHO CNTT 1,Toán Ứng Dụng cho Công Nghệ Thông Tin 1,Đề cương ôn tập Toán ứng dụng cho CNTT 1,0.0
